record_id,source,language,brand,star_rating,text,production_label,lexicon_label,xlmr_label,vader_label,bn_label,intent_flags,failure_mode
eb049b414720771a2be832fd07e087402331fb8cb0aaf814932ca747052d4ca7,facebook,en,brac_bank,,"Abu Saeed Mamun
Congratulations Apa!!!
1h",neutral,neutral,positive,positive,skip,,possible_false_negative
5467871c0de92deb86fa448fbddbbada4d42445682c45222199a00106d33b05e,facebook,en,brac_bank,,"Nurun Nahar Begum, Chief Technology Officer (CTO), has been part of BRAC Bank's journey since its earliest days, helping build the technology foundation behind the bank… See more",neutral,neutral,positive,positive,skip,,possible_false_negative
1255376ac650de19749398435faf3314687b02ad56318c329d8fb85e521a946d,facebook,mixed,brac_bank,,"ডাচ-বাংলা ব্যাংকের এই এটিএমটা আজ যেন একদম নতুনের ছোঁয়ায় ভরা।
মনে হচ্ছে পুরো মেশিনটাই নতুন টাকা দিয়ে লোড করা! 
ঈদের সময় নতুন টাকার আলাদা একটা আনন্দ আছে—
গন্ধে, ছোঁয়ায়, অনুভূতিতে একদম স্পেশাল। 
ঈদ মানেই খুশি, আর নতুন টাকা সেই খুশিকে আরো একটু বাড়িয়ে দেয়। See less",neutral,neutral,positive,neutral,positive,,possible_false_negative
ef28e4bb6180d678456d90f9e5637815860d15081ce8bd5d73832e271f90577d,facebook,mixed,scb_bangladesh,,"Ami ekta premium account khulte chacchi
Ebl priority / standard chartered priority / city gem / ucb imperial
konta better hobe and keno?
note: amr kache initially 30 lakhs bdt er moto hobe but ei amount monthly maintain kora hobe na, amr 10-15 lakhs monthly maintain hobe.",neutral,neutral,positive,positive,neutral,,possible_false_negative
6b2abd7538e7cad61e77448c7943a0cfecaafe45b18fe22e973c345950cdec89,facebook,en,scb_bangladesh,,A gift from Standard Chartered,neutral,neutral,positive,positive,skip,,possible_false_negative
9e2dabaad5dc748306793f461861d4464dc408d7265d95c21db67c0107ee0283,facebook,en,scb_bangladesh,,"Dear Eastern Bank Team,  
I am writing to express my heartfelt gratitude for the wonderful birthday gifts you sent me. It was a delightful surprise that truly made my special day even more memorable. I have been a proud and satisfied customer of  Eastern Bank since 2011. Over all these years, your team has consistently provided me with exceptional priority service, making me feel truly valued at every step.
​Moreover, I am deeply honored that you invite me to your exclusive ""Priority Night"" event every year. What touches my heart the most is that you also never fail to send me beautiful gifts on my birthday. These wonderful traditions show how deeply Eastern Bank cares for its loyal customers. In fact, due to the outstanding service and unparalleled care I receive from you, I have never on",neutral,neutral,positive,positive,skip,,possible_false_negative
83db18ad7bfaed0616e5caca0f9708738d2bca07da6ad8a4545bc6aa880ba257,facebook,mixed,scb_bangladesh,,National Bank credit card ব্যাবহারকারীদের অভিজ্ঞতা জানতে চাই। অগ্রীম ধন্যবাদ।,neutral,neutral,positive,positive,positive,query_or_advice_seeking,possible_false_negative
e9147990a6191b7e3978af3789f49be196f7d516fea0f4352d9a582e679b310c,google_play,en,brac_bank,3.0,Please solve the issue of loading abd bugs.Expect this problem this is the best banking app ever...,neutral,neutral,positive,positive,skip,,possible_false_negative
1a693dacd589fdeec6b0a6b77753fb155c353db3bb7abe5facf3db1b740c7246,google_play,en,brac_bank,1.0,Super,negative,neutral,positive,positive,skip,,possible_false_negative
0ea2a74d91e9aee06ae3631196c9607659115869a6846038bfd2cfa8a6435d3c,google_play,en,brac_bank,3.0,Very easy to use..,neutral,neutral,positive,positive,skip,,possible_false_negative
9b4ab232dd9d39a571522e349f5ba8b9dd24e5123c81fbddb03b85d565050ba2,google_play,en,brac_bank,1.0,Remove the unnecessary bloats to unlock more stars! 😂,negative,neutral,positive,positive,skip,,possible_false_negative
12ca9c7c23c16cba0e89a2288b443ae12370771a5ed0f29fda02bc19e404bbe9,google_play,en,brac_bank,1.0,good app,negative,positive,positive,positive,skip,short_lexicon_positive,possible_false_negative
1c3deeec56d2849916844aed22a188079ef9a7bb785c2138f0a10f28a681965e,google_play,en,brac_bank,1.0,"After the recent update, the app no longer opens on my Android device and displays an ""Untrusted Service Detected"" message. I have verified that there are no suspicious or unauthorized applications installed on my phone. The app was working perfectly before this update. Such critical changes should be thoroughly tested across different devices and environments before being released to customers. I would appreciate it if your team could investigate this issue and provide a resolution ASAP.",negative,neutral,positive,positive,skip,,possible_false_negative
8704b632ab5e3f611c5efb0d9b5a8679d16bff4ccaa82db6cf07aba106c5d258,google_play,en,brac_bank,3.0,"I would also like to suggest adding some useful self-service features, such as: Add Money from cards or other bank accounts. The ability to change the registered email address directly from the app. The ability to update the registered mobile number through secure verification. Better account management options, including the ability to hide or remove closed accounts from the dashboard. More customization options and a modern dashboard.",neutral,neutral,positive,positive,skip,query_or_advice_seeking,possible_false_negative
3535fa62cf60c61d6ac6156fdf83ffc3b5a8bfa06e21ba3171228c6be46577e3,google_play,en,brac_bank,3.0,"Yes, this app is slower than other banking apps. Its a good thing that it requires username and password for safety, this is best. But after putting the information, the login page should work faster. Also other options in the application. As the best private bank, we wish you to hire better developers to make this more user friendly. 🙂",neutral,positive,positive,positive,skip,,possible_false_negative
1ed6072d66545dc813b16d42df9c46801d21c17bbb0b15d731488cad0a0b14fd,google_play,en,brac_bank,3.0,Nice Work easy to find all,neutral,neutral,positive,positive,skip,,possible_false_negative
40eb8d20b33836c0a5148c2bbb50245772b5a08cc6d2396cd727b9a86f3b9e5f,google_play,en,brac_bank,1.0,nice app,negative,neutral,positive,positive,skip,,possible_false_negative
c05de49862b140850c43f48d233a9e0012db041c8a758420fe7d46ce1688610d,google_play,en,brac_bank,3.0,GOOD apps.,neutral,positive,positive,positive,skip,short_lexicon_positive,possible_false_negative
29de7288f14388d5c295bd77f856b511e32f39dd9b23f7677d27f6b24fa11d11,google_play,en,brac_bank,1.0,helpful,negative,positive,positive,positive,skip,short_lexicon_positive,possible_false_negative
f8b57bf4c484a6c10d92a987aa8b2913d78cff590d51eef709c94072c0abdfb9,google_play,en,brac_bank,1.0,better,negative,neutral,positive,positive,skip,,possible_false_negative
f2b409b756f34bc9803613beab0df5fa76389900e2ee67e9815652b112da9bca,google_play,en,brac_bank,1.0,best sheba.,negative,positive,positive,positive,skip,short_lexicon_positive,possible_false_negative
228bdb0742c615ac2f67e678c9f08f70095a79e0d8f731cb9dcf880cc35e3a59,google_play,en,brac_bank,3.0,good but slowl,neutral,neutral,positive,positive,skip,short_lexicon_positive,possible_false_negative
08a93851f79bffcc36355796cb41e7bfc97f6ad2fbe7022f0ed07ad7960ebb7f,google_play,en,brac_bank,1.0,"Oh wow, what a delightful app endless loading screens, failing transactions, and bugs everywhere. Truly a masterclass in how not to build user experience.",negative,neutral,positive,positive,skip,,possible_false_negative
605124b3448c14085cc64accb4f062c084397729ebc7114913a830b30b50a710,google_play,en,brac_bank,3.0,Nice 👍,neutral,neutral,positive,positive,skip,,possible_false_negative
15ecbd648ffece39410e7571292247896c3592ef8a77eb71d82c4ed6a64935c7,google_play,en,brac_bank,1.0,very nice app,negative,neutral,positive,positive,skip,,possible_false_negative
bcbaff535a09a919c36d778abc9c3a9629e2ecacee9f1b657c68afdd90408c1d,google_play,bn,brac_bank,2.0,ব্রাক ব্যাংকের অ্যাপস ব্যবহার করে অনেক ভালো লাগছে। আপনাদেরকে অসংখ্য ধন্যবাদ।,negative,positive,positive,neutral,positive,short_lexicon_positive,possible_false_negative
ab30025c68587ba401309e45b0a9b26bef40e440525b58c0664885b049b85c2e,google_play,en,brac_bank,1.0,brac bank good,negative,positive,positive,positive,skip,short_lexicon_positive,possible_false_negative
f764dbe44e3957b53d244da44741b98d4bcc09562c96a1d44b91714f9001aece,google_play,en,brac_bank,3.0,Good 👍,neutral,positive,positive,positive,skip,short_lexicon_positive,possible_false_negative
f5d2154696d3fe4c60da47ccac9a1af3c5f2e16aef3090eb6f9d94ebbe23ab1a,google_play,en,brac_bank,2.0,"I think bekash is the most gorgeous paying pannel in Bangladesh,We can get lots of facilities from bekash,like bill pay,savings account and money more.ok,thanks",negative,neutral,positive,positive,skip,,possible_false_negative
321682b0620a8f6bd13b1c1feaca510ffe7302ffe187575db023ca8e50f193ae,google_play,en,scb_bangladesh,,"Hello Assadullah Al Mostazi, thank you for your time to write us. We have checked and found the app is working fine. Could you please clear the cache data and try again? ~NN",neutral,neutral,positive,positive,skip,query_or_advice_seeking,possible_false_negative
ba2683d697b05211d9351a97da45d94ab6d4663ef1361ac9db6a0c605688dfb0,google_play,en,scb_bangladesh,1.0,This is 2026. But this app like in 2010. Make it user-friendly and easy to find the options. mostly the home screen should be upgrade immediately. When I login the app It's like I'm entering blog site 😁.,negative,neutral,positive,positive,skip,,possible_false_negative
e87ea13745f6515b105886407678274b780bea060f8e7857ea9826c5f4d1a3b1,google_play,en,scb_bangladesh,1.0,Follow CityTouch for improvement,negative,neutral,positive,positive,skip,,possible_false_negative
fa7b481f7cb00cfafb6c10b8c9199eb9ff3de26064526d8986c7bb490a82ce5f,google_play,en,scb_bangladesh,1.0,very good,negative,positive,positive,positive,skip,short_lexicon_positive,possible_false_negative
6ccae087ee9a14c4a7fb61f1d313c7ec4a6b8618b6b0acca3a9db8f2138ca868,google_play,en,scb_bangladesh,,"Hi Obydur Rahman Shohagh, thank you for your valuable feedback.",neutral,neutral,positive,positive,skip,,possible_false_negative
4c9d6954586aa0761b8f334717b8f5c15e8ab6324e3467373606fe995b3f8e74,google_play,en,scb_bangladesh,,"Hello Ashef Emran, thank you for your feedback. We will forward your feedback to relevant team for further improvement. Thank you for being with Standard Chartered bank. ~NN",neutral,neutral,positive,positive,skip,,possible_false_negative
4e6f65b033456f9215b5dea56042819ae765b6f8350047627a301cc50fb22fff,google_play,en,scb_bangladesh,,"Hi Alan Smith, thank you for your valuable feedback. ~FI",neutral,neutral,positive,positive,skip,,possible_false_negative
407e2b06d6b6392edc3e3e8bfd2d397e40daac5e9b96f24ae38d29a459b9bf2c,google_play,en,scb_bangladesh,,"Hi Nazmul Huda, thank you for being with us. ~FI",neutral,neutral,positive,positive,skip,,possible_false_negative
46c774121307feef331740966008939c00aab6e5e8e2ea0c96fb3c517f036e60,reddit,en,brac_bank,,"BRAC Bank celebrates turning dreams into reality, helping small businesses shine across Bangladesh.
BRAC Bank celebrates turning dreams into reality, helping small businesses shine across Bangladesh. Through its unwavering support, the bank has been a key driver in empowering entrepreneurs, helping them overcome challenges and achieve sustainable growth.

In its latest campaign, BRAC Bank showcases four powerful stories of resilience and success, illustrating the diverse ways SMEs have made a positive impact on their communities. These stories highlight the strength and determination of small business owners, showcasing their ability to drive change and create lasting value. BRAC Bank remains committed to empowering future entrepreneurs and supporting their journey to success.

(In collabo",neutral,neutral,positive,positive,skip,,possible_false_negative
31062b0ddeb460260e6caade3c345df68716298d19a4cf50c5fecd2745d2ecd6,facebook,en,scb_bangladesh,,Scb kore. funny logic,neutral,neutral,positive,positive,skip,,possible_false_negative
7fbaffd081f51f48bf9fa7910458fd697fe804760e8391ec0ea7169b7cd7f444,facebook,en,scb_bangladesh,,"EBL is nice, it will not work for subscription but payments can be done easily",neutral,neutral,positive,positive,skip,,possible_false_negative
368234346b0a88998c58a9a57de1dfba1555cbb4e2611dcc8ba752cafb2968de,facebook,en,scb_bangladesh,,Premier is safe with optimum return!,neutral,neutral,positive,positive,skip,,possible_false_negative
241ce8c0d381a30136ef58db7d51eb5e0587ac64ab9f4deaf77d10b8cc5f590b,facebook,en,scb_bangladesh,,Top bank right now,neutral,neutral,positive,positive,skip,,possible_false_negative
01d99e9fdeee7e5da1b1e9522deb553b251bf29adef43ef25cdbcf29ddf35487,facebook,en,scb_bangladesh,,Govt. Bank's are always safe.,neutral,neutral,positive,positive,skip,,possible_false_negative
958647a6c5cb74c957ec6575f0e762448e93ad9dd1d29320d8863d79b664e3f7,facebook,bn,scb_bangladesh,,শতভাগ নিরাপদ,neutral,neutral,positive,neutral,positive,,possible_false_negative
1ce2bc21bc3ba053bd6f0f34f48411978093882cec7303dd0ad654cf3336c509,facebook,en,scb_bangladesh,,"City, Brac, EBL top performing bank right now. MTB, SCB o asee",neutral,neutral,positive,positive,skip,,possible_false_negative
2eea45510523e350c0654a99e981bb791ab2585e045e83fc6586f0d7d15aa20e,facebook,bn,scb_bangladesh,,ইসলামি ব্যাংক এখনো সেরা,neutral,neutral,positive,neutral,positive,,possible_false_negative
82e65ccc51b9b9857f890e8f5ddd4bd54469603bb8f55999efd20778bafb39ca,facebook,en,brac_bank,,"#DBBL is the top most secured, strong & AAA Rated Bank so that i always preferred this Bank.",neutral,neutral,positive,positive,skip,,possible_false_negative
43b4e7c5ce5ac6f828fe57c9dbdb520c8a695d44f4b251fb5f89b39f1a9b0e34,facebook,en,scb_bangladesh,,It will be better if you have 2 accounts.,neutral,neutral,positive,positive,skip,,possible_false_negative
a377b00658b2cf8d72d0144912424d95c845e196c9680f992c04d13b7a96f931,facebook,bn,scb_bangladesh,,সঠিক সিদ্ধান্ত,neutral,neutral,positive,neutral,positive,,possible_false_negative
8a91dc870a07c23ca4dd169829e0e6624efec6249215c925d094138db12d6f3c,facebook,bn,brac_bank,,ডাচ্-বাংলা ব্যাংক এ দেশের সাধারণ মানুষের কাছে ব্যাংকিং সুবিধা পৌঁছে দিয়েছে। ধন্যবাদ ডাচ্-বাংলা ব্যাংক!!,neutral,neutral,positive,neutral,positive,,possible_false_negative
e1a7ce31ed99e0f100358d29fe5c775715073d9753decf552e3614ef7e6502d0,facebook,en,scb_bangladesh,,"Mtb service top notch,tk daily transfer kori",neutral,neutral,positive,positive,skip,,possible_false_negative
ff68b30322bad4370041ec4b3dfd5ec9bcacdaa7584cd85bf6bcc5a184f777dc,facebook,en,brac_bank,,Visa platinum paben..ami triple benefits nici very recent,neutral,neutral,positive,positive,skip,,possible_false_negative
3734518fc6430f242d22f7021f70f42f09acf47353341c607529bbd695b73280,facebook,en,scb_bangladesh,,Islami bank ar sonali bank bade Bangladesh e top knotch service paben kom.,negative,negative,positive,positive,skip,,possible_false_negative
16a2a38a75f9cde8e2a670113e27b163db8d423709d1a148fffc4c1b302b157b,facebook,en,brac_bank,,Physically branch a giye delight koren,neutral,neutral,positive,positive,skip,,possible_false_negative
dd425830f592f08e93dc1cc7a7249e7f64129ab43316f43378b7679a99c24f01,facebook,en,scb_bangladesh,,"Bhiya overall experience bolben kindly.. karon kono bank e mone hoy akhn unlimited disse na lounge. Lounge bad a overall experience bolben kindly like medical check up, points redemption agula",negative,negative,positive,positive,skip,,possible_false_negative
ebcf4fb81e82a132b8030acc60b0e30e2d16a24886a5556a8e04563a276bd999,facebook,bn,scb_bangladesh,,আমার কাছে সেলফিন ভাল লাগে,neutral,neutral,positive,neutral,positive,,possible_false_negative
1dfe604f041ffd7ff01e0552d1e2a3dbdf69549a24dfc820b11a6427f90ea178,facebook,en,brac_bank,,Brac Bank No1 and Stable Bank In Bangladesh,neutral,neutral,positive,positive,skip,,possible_false_negative
02050209d6e4b43c1e5e5374b247158568a9824b2ef2351b37cb487bbe44ae84,facebook,en,brac_bank,,Nrbc abar bank hoilo kobe!! Obossoi BRAC safe,neutral,neutral,positive,positive,skip,,possible_false_negative
4bd2219ffb269921cad901939aaa89b6dad172d92584d83b16f1127ee9918989,facebook,en,brac_bank,,Branch e behavior er dik theke EBL is amazing. Highly professional. Prime er behavior amr kase khub unprofessional lagse. It's my experience....,neutral,neutral,positive,positive,skip,,possible_false_negative
2095493de1df1068f9741d2674a01422596de30301258cb9cfb889ecd2da61fa,facebook,bn,brac_bank,,আপনার পোস্ট সুন্দর হয়েছে এটি জানা আসলে দরকার আমিও ব্রাক ব্যাংকে একাউন্ট খুলতে চাই,neutral,neutral,positive,neutral,positive,,possible_false_negative
37163c29a393c526fcb29eb2b9a524319d3ebf5432304a08d97473edb1c10693,facebook,mixed,brac_bank,,MTB amar kase khub user friendly mone hoy. Jodio ami only card use kori. Account nai,neutral,neutral,positive,positive,negative,,possible_false_negative
bce3f1afe1b22fa2bbca9db1688e15314c2d73cc9df09ee46df89136acafdf54,facebook,en,scb_bangladesh,,Branch e behavior er dik theke EBL is amazing. Highly professional. Prime er behavior amr kase khub unprofessional lagse. It's my experience....,neutral,neutral,positive,positive,skip,,possible_false_negative
1053a9e24c4baf3cbecdcd72e4f699bac8ad875379946d9c5f6fc086fb8c8488,facebook,en,scb_bangladesh,,wow theres a amex visa card. didn’t know two network can coexist in the same card,neutral,neutral,positive,positive,skip,,possible_false_negative
d87470faf160ebc07ce3ee8cee8afca2e7ffcdb62f238c896592ac7636af046b,facebook,en,brac_bank,,Millennial better value ditase,neutral,neutral,positive,positive,skip,,possible_false_negative
9317d93a911481cb4b29e56046e6bc1e1df01d99c236702eeef8634d4e9bd16a,facebook,en,scb_bangladesh,,3/ TRUST,neutral,neutral,positive,positive,skip,,possible_false_negative
8c825066b77864959cfb7e898777c69ba20c8d9848c3ef23be7e465be315b74f,facebook,en,brac_bank,,"Student account korte caile - prime, trust.",neutral,neutral,positive,positive,skip,,possible_false_negative
fbca5610261601aa6349b447c2a5c241f580c981130075fa77f2c5bf24999fb1,facebook,en,brac_bank,,100% Safe,neutral,neutral,positive,positive,skip,,possible_false_negative
42317c1503ae7d5144e9b24a225179c3efe37f1810122ccfd35f088d6f21ebae,facebook,mixed,brac_bank,,thank you so much for this post! ami vabsi amat platinum puran hoye gese tai or chotoloki kore polti marse. ora to lounge uthay dise bola jay. only card member. vabsilam signature er apply korbo. ar korlam na.,neutral,neutral,positive,positive,negative,,possible_false_negative
e2d302069a555c72b954b3b88edbbf7381c9b3e7233375dfcb81374de4edc0b9,facebook,mixed,brac_bank,,Easin Ahmed Noman সাথে কথা বলুন। সর্বোচ্চ সাহায্য পাবেন ব্রাক এর।,neutral,neutral,positive,neutral,positive,,possible_false_negative
bf4948a68ed23a0155a60df06f8ed19d484debfe3f88ed3699a2afed9000382c,facebook,en,brac_bank,,"Best card in my opinion. Using it for nearly 5 months, never faced any issue or had any bad experience.",neutral,neutral,positive,positive,skip,,possible_false_negative
45300a194f594d5672d541bc0bd53c5de309dd35e1db8f0861e1b43f0fd1f287,facebook,en,scb_bangladesh,,"Student account korte caile - prime, trust.",neutral,neutral,positive,positive,skip,,possible_false_negative
e64e355eafb87a3628331b148996c0e5545727031d8610f53d511f64bf964f74,facebook,mixed,scb_bangladesh,,thank you so much for this post! ami vabsi amat platinum puran hoye gese tai or chotoloki kore polti marse. ora to lounge uthay dise bola jay. only card member. vabsilam signature er apply korbo. ar korlam na.,neutral,neutral,positive,positive,negative,,possible_false_negative
acb4a808c9ec4fa57e899e8b6becfec1ace95ea0f1be33f0c767522299f5316a,facebook,en,scb_bangladesh,,They have given me a 10 lac credit card limit which is incredible.,neutral,neutral,positive,positive,skip,,possible_false_negative
d13cd4253791539b219d0acbabdb4f9a16dc32b08ce156ee04fc6a845ec10a18,facebook,mixed,brac_bank,,Prime Bank কিছু শেখো প্রিয়।,neutral,neutral,positive,neutral,positive,,possible_false_negative
d01143bb2936fb3f837785b4c1d787b0a1581374b7833cf8600a9897122fefd8,facebook,mixed,brac_bank,,"BRAC Bank-এর account use করে দেখেন, service আর digital banking দুটোই অনেক smooth.",neutral,neutral,positive,neutral,positive,,possible_false_negative
d4d9b5934b1493985618e1828692cf37cce01e0525730cbdd5fcc844d780ef15,facebook,mixed,brac_bank,,Sonali Life Insurance a koren... Valo hobe,neutral,neutral,positive,neutral,positive,,possible_false_negative
b86de3d027a0bf1ddb6ec865ff688fa512d111d5d1d0c75d237fd30ae7650faa,facebook,en,brac_bank,,Go for the bank in which your salary is credited ! I think it will make your life a bit easier !,neutral,neutral,positive,positive,skip,advice_recommendation,possible_false_negative
79563d2b37201ded2111cad43db82a51390427002e1f5539226f9f2abdf0f12a,facebook,mixed,brac_bank,,City bank sobkisu khub smartly handle kore,neutral,neutral,positive,positive,positive,,possible_false_negative
1405d54a72d108a5a341e875b5fcd360195b6c4bd1a9f0985b8ada5ef99ad0a1,facebook,en,scb_bangladesh,,Mtb lounge is better,neutral,neutral,positive,positive,skip,,possible_false_negative
aba3be71051a09f5ab8dc03d243229984e2e58808471561d9cd4768caf7e3b15,facebook,en,scb_bangladesh,,MTB & Ebl lounge is far better.,neutral,neutral,positive,positive,skip,,possible_false_negative
779f1e83aa680985c2f9fd0cafc76e199de327103d2080d891ee187319136854,facebook,en,scb_bangladesh,,Go for the bank in which your salary is credited ! I think it will make your life a bit easier !,neutral,neutral,positive,positive,skip,advice_recommendation,possible_false_negative
0d1878a9b74cc185c6c08fd6ee236947eb65c1c9b4daf17133e435dfbf6fb18c,facebook,en,scb_bangladesh,,"True, bKash o chay monopoly create kore cholar jonno, city o chay amex niye monopoly create korte, already they are success.",neutral,neutral,positive,positive,skip,,possible_false_negative
2db2b387a32a505f7f539ff3ec9722c187c00dbb6887571058902fcdb8b1be19,facebook,bn,brac_bank,,ডিজিটাল সেবার দিক দিয়ে হয়তো ব্র্যাক ব্যাংক আপনাকে একটু বেশি স্বস্তি দেবে।,neutral,neutral,positive,neutral,positive,,possible_false_negative
9dc0e60d6d730ddc3bd6accc6d8fcbec36d492a61a0a6334a1a65a9b5de01579,facebook,bn,brac_bank,,খুব গুরুত্বপূর্ণ কথা আপনি শেয়ার করেছেন ধন্যবাদ আপনাকে।,neutral,neutral,positive,neutral,positive,,possible_false_negative
6512b1f491743a71365f742453bb1d66792d57a47460ba4b8f6e495aed85a323,facebook,bn,scb_bangladesh,,খুব গুরুত্বপূর্ণ কথা আপনি শেয়ার করেছেন ধন্যবাদ আপনাকে।,neutral,neutral,positive,neutral,positive,,possible_false_negative
fe866f136f793c826e9355a332fa6ac285b30dfcf83925f829a8f51ba6e01ecb,facebook,mixed,brac_bank,,bank er ovab naki koto bhalo bhalo bank ache,neutral,neutral,positive,negative,positive,,possible_false_negative
d69e4a2666b54f0de5df2a6a821940815c2329f835c74c4b4c258631b72cadf0,facebook,bn,brac_bank,,খুব সুন্দর ও গুরুত্বপূর্ণ পোস্ট।,neutral,neutral,positive,neutral,positive,,possible_false_negative
9d69fcc5f1dcd628914eecadce4d6bdcc9f3c6cb10791d9e74bb36b7bdc3c084,facebook,en,scb_bangladesh,,"Nowadays, MTB, EBL are doing well as well. What I can suggest: Choose any of these four banks based on your experience and relation to the bank and or the staffs handling your accounts. Trust me, those people will be counted more valuable than the Bank itself!",neutral,neutral,positive,positive,skip,query_or_advice_seeking,possible_false_negative
6c05f7fe79e7c411de528bdf61cd21a4ad18437a882ac7c9cbdb4e8a2d69232a,facebook,mixed,scb_bangladesh,,bank er ovab naki koto bhalo bhalo bank ache,neutral,neutral,positive,negative,positive,,possible_false_negative
5bd724e181b89bfab29ede93bbe054cee9b454c351126ea906aa90f89acba8ff,facebook,bn,scb_bangladesh,,খুব সুন্দর ও গুরুত্বপূর্ণ পোস্ট।,neutral,neutral,positive,neutral,positive,,possible_false_negative
2cf6fca2d9195580b6b5df37e007d6fa1350fa0367329d10170b6383a3353832,facebook,en,brac_bank,,Prime bank app thakle khub easy,neutral,neutral,positive,positive,skip,,possible_false_negative
c3438b240bfac05b0c436dbff2c4ac7fd5692aaf75dfce9b747d38b85da1f47d,facebook,bn,scb_bangladesh,,যেহেতু পোস্ট ইংরেজিতে লিখসে তাইলে ঠিকই বলেছেন! অনেক দামি কিছু লিখসে মনে হয়! আমি সহমত ভাই!,neutral,neutral,positive,neutral,positive,,possible_false_negative
cff0aec467aeab2ec66b7c1e99bdcb757cf48a16cd219be41b75dabb42dc6fdd,facebook,en,scb_bangladesh,,Bhai re bhai… jibone first birthday gift paise tai ai obostha… khushi te [Bank name] o edit korte vule gese,neutral,neutral,positive,positive,skip,,possible_false_negative
3e4104366f128e88fba7ed674cdaf37103e218bc6a129e14990d31a5ef8d323d,facebook,en,scb_bangladesh,,happy birthday AI vai,neutral,neutral,positive,positive,skip,,possible_false_negative
a89947c6599dc8eab47b4ab56412f42be6ebc34e135e17ce47d3194d19bfaeac,facebook,en,scb_bangladesh,,Happy Birthday Sir,neutral,neutral,positive,positive,skip,,possible_false_negative
34ff142910e3549c9ecf913969c9ea7f4865f60b0b2c971293dde3a16ee12511,facebook,en,scb_bangladesh,,MTB much better,neutral,neutral,positive,positive,skip,,possible_false_negative
c8b554615e73b49955ba12400ad7faa1bcb423cf1a29c77774496e749e5cd9da,facebook,en,brac_bank,,Yes yes yes.,neutral,neutral,positive,positive,skip,,possible_false_negative
6112ac1067ed8f142533f44b3d1a663038aa9ed3e7cabfc9bb59079bec120fa0,facebook,bn,brac_bank,,নিঃসন্দেহে প্রাইম ব্যাংক এগিয়ে থাকবে।,neutral,neutral,positive,neutral,positive,,possible_false_negative
d33e6c0ae47acd7bc024ad2d86de5c367c691ea95f5a9462ff1ff939a163d06a,facebook,mixed,scb_bangladesh,,"Ami ekta premium account khulte chacchi
Ebl priority / standard chartered priority / city gem / ucb imperial
konta better hobe and keno?
note: amr kache initially 30 lakhs bdt er moto hobe but ei amount monthly maintain kora hobe na, amr 10-15 lakhs monthly maintain hobe.",neutral,neutral,positive,positive,neutral,,possible_false_negative
